Time,Bacteroides_fragilis,Bifido_longum,Bifido_breve,Bifido_adolescentis,Eubacterium_hallii,Faecalibacterium_prausnitzii,Roseburia_intestinalis
Baseline RA,0.00348075515472552,0.00542372770226898,0.00431496183526031,0.0160819359085513,0.0114627606114696,0.085918048749752,0.0116810047853215
Intervention RA,0.00647613322405906,0.00240474085020555,0.00543292879741349,0.00433824434924117,0.00783996082505647,0.0588646584601774,0.00518705846828956
