Time;Bacteroides_fragilis;Bifido_longum;Bifido_breve;Bifido_adolescentis;Eubacterium_hallii;Faecalibacterium_prausnitzii;Roseburia_intestinalis
Baseline AA;0.180129542842502;0.280678630953279;0.223299849664254;0.832242325145157;0.593199388314884;4.44627046582168;0.604493553378638
Baseline RA;0.00348075515472552;0.00542372770226898;0.00431496183526031;0.0160819359085513;0.0114627606114696;0.085918048749752;0.0116810047853215
Baseline RA_exp;0.00287367586679615;0.00329510936084762;0.00036112514387954;0.0169248200829294;0.0227743749087518;0.0751494003682979;0.0137046701042591
Intervention AA;0.446745180439242;0.165887011255978;0.374781474058804;0.299266504801229;0.54082653834462;4.06067966106537;0.357820522091191
Intervention RA;0.00647613322405906;0.00240474085020555;0.00543292879741349;0.00433824434924117;0.00783996082505647;0.0588646584601774;0.00518705846828956
Intervention RA_exp;0.0040241511172372;0.000138403709089742;1.01422053227437e-05;5.08119204557778e-06;0.0270640788038911;0.0511919118071126;0.00810995613974382
